name,value,units
G,6.67430e-11,m^3/kg/s^2
c,299792458,m/s
h,6.62607015e-34,J*s
